id,Name,Image_name
0,Miso-Butter Roast Chicken With Acorn Squash Panzanella,miso-butter-roast-chicken-acorn-squash-panzanella
1,Crispy Salt and Pepper Potatoes,crispy-salt-and-pepper-potatoes-dan-kluger
2,Thanksgiving Mac and Cheese,thanksgiving-mac-and-cheese-erick-williams
3,Italian Sausage and Bread Stuffing,italian-sausage-and-bread-stuffing-240559
4,Newton's Law,newtons-law-apple-bourbon-cocktail
5,Warm Comfort,warm-comfort-tequila-chamomile-toddy
6,Apples and Oranges,apples-and-oranges-spiked-cider
7,Turmeric Hot Toddy,turmeric-hot-toddy-claire-sprouse
8,Instant Pot Lamb Haleem,instant-pot-lamb-haleem
9,Spiced Lentil and Caramelized Onion Baked Eggs,spiced-lentil-and-caramelized-onion-baked-eggs
10,Hot Pimento Cheese Dip,hot-pimento-cheese-dip-polina-chesnakova
11,Spiral Ham in the Slow Cooker,spiral-ham-in-the-slow-cooker-guarnaschelli
12,Butternut Squash and Apple Soup,butternut-squash-apple-soup-365210
13,Caesar Salad Roast Chicken,caesar-salad-roast-chicken
14,Chicken and Rice With Leeks and Salsa Verde,chicken-and-rice-with-leeks-and-salsa-verde
15,Gorditas con Camarones,gorditas-con-camarones
16,Enfrijoladas,enfrijoladas
17,Caramelized Plantain Parfait,caramelized-plantain-parfait
18,Chicken and Potato Gratin With Brown Butter Cream,chicken-and-potato-gratin-brown-butter-cream
19,Roasted Beets With Crispy Sunchokes and Pickled Orange-Ginger Purée,roasted-beets-with-crispy-sunchokes-and-pickled-orange-ginger-puree
20,Kale and Pumpkin Falafels With Pickled Carrot Slaw,kale-and-pumpkin-falafels-with-pickled-carrot-slaw
21,Maple and Chile Roasted Squash With Quinoa Tabouli,maple-chile-roasted-pumpkin-with-quinoa-tabouli
22,Chhena Poda (Spiced Cheesecake),chhena-poda-paneer-cheesecake
23,Paneer,homemade-paneer-recipe
24,Sloppy Joe Shirred Eggs With Spinach,sloppy-joe-shirred-eggs-with-spinach-vivian-howard
25,R-Rated Onions,r-rated-caramelized-onions-vivian-howard
26,Miso-Squash Ramen,miso-squash-ramen-hetty-mckinnon
27,Spicy Coconut Pumpkin Soup,spicy-coconut-pumpkin-soup
28,Baigan Chokha,baigan-chokha-trinidadian-broiled-grilled-mashed-eggplant
29,Dad’s Curried Chicken,dads-trinidadian-curried-chicken
30,Trinidad Curry Powder,trinidad-curry-powder
31,Shrimp Creole,shrimp-creole-14653
32,Green Seasoning,trinidadian-green-seasoning
33,Chicken Pelau,pelau-234498
34,Our Favorite Creamy Mashed Potatoes,our-favorite-creamy-mashed-potatoes
35,Remember the Alimony,remember-the-alimony-cocktail
36,Creole Cream Cheesecake With Caramel-Apple Topping,creole-cream-cheesecake-with-caramel-apple-topping
37,Creole Cream Cheese,creole-cream-cheese
38,Buss Up Shut (Paratha Roti),buss-up-shut-paratha-roti-ramin-ganeshram
39,Best Deviled Eggs,deviled-eggs-106562
40,Mango Curry,mango-curry-joe-thottungal
41,Iced Café de Olla,iced-cafe-de-olla
42,Pumpkin Dutch Baby With Pumpkin Butter,pumpkin-dutch-baby-recipe
43,Braised Chicken Legs With Grapes and Fennel,braised-chicken-legs-with-grapes-and-fennel
44,Old-Fashioned Scalloped Potatoes,old-fashioned-scalloped-potatoes-10270
45,Yogurt and Spice Roasted Salmon,easy-yogurt-and-spice-roasted-salmon-sabrina-ghayour
46,Pita,fresh-homemade-pita-alon-shaya
47,Veselka's Famous Borscht,veselkas-famous-borscht
48,Papaya-and-Cubeb-Marinated Snapper With Baked Yam Chips,ghanian-snapper-with-baked-yam-chips
49,Drunk Apricot Shito (Ghanaian Hot Pepper Sauce),drunk-apricot-shito-ghanaian-hot-pepper-sauce
50,Summer Bean Soup With Tomato Brown Butter,summer-bean-soup-with-tomato-brown-butter-cortney-burns
51,Tomato Brown Butter,tomato-brown-butter-cortney-burns
52,Maple-Roasted Acorn Squash,maple-roasted-acorn-squash-ina-garten
53,Coconut-Creamed Corn and Grains,coconut-creamed-corn-and-grains
54,Tomato and Roasted Garlic Pie,tomato-and-roasted-garlic-pie
55,Paneer With Burst Cherry Tomato Sauce,paneer-with-burst-cherry-tomato-sauce
56,Sesame-Scallion Chicken Salad,sesame-scallion-chicken-salad
57,Maple Barbecue Grilled Chicken,maple-soy-barbecue-grilled-chicken
58,Spiced Lamb and Dill Yogurt Pasta,spiced-lamb-and-dill-yogurt-pasta
59,Salt-and-Pepper Fish,pan-seared-salt-and-pepper-fish
60,Salmon Burgers With Ginger and Quick-Pickled Cucumbers,salmon-burgers-with-ginger-and-pickled-cucumbers
61,Fish Tacos al Pastor,fish-tacos-al-pastor
62,Nut Butter Granola Bars,nut-butter-granola-bars
63,Zucchini-Lentil Fritters With Lemony Yogurt,zucchini-lentil-fritters-with-lemony-yogurt
64,Fried Onions,fried-onions-topping
65,Sour Cream and Onion Potato Salad,sour-cream-and-onion-potato-salad
66,Tropi-Cobb Salad,chicken-mango-cobb-salad
67,Pork Meatballs and Cucumber Salad,pork-meatballs-and-cucumber-salad
68,Frozen Avocado Cake,frozen-avocado-cake-nadine-levy-redzepi
69,Chocolate Zucchini Cake,chocolate-zucchini-cake-907
70,Swiss Chard Pasta With Toasted Hazelnuts and Parmesan,swiss-chard-pasta-with-toasted-hazelnuts-and-parmesan
71,Sweet Corn Frittata With Cherry Tomato Compote,sweet-corn-frittata-with-cherry-tomato-compote
72,Tomato Pie With Sour Cream Crust,tomato-pie-sour-cream-crust
73,Pork Chops and Padrón Chiles en Escabèche,pork-chops-and-padron-chiles-en-escabeche
74,Doenjang Jjigae (된장찌개 / Fermented-Soybean Stew),doenjang-jjigae-fermented-soybean-stew-my-korea
75,"Dakgangjeong (닭강정 / Korean Sweet, Crunchy Fried Chicken)",dakgangjeong-korean-sweet-crunchy-fried-chicken-maangchi
76,Spicy Pork Belly Sliders,spicy-pork-belly-sliders-jeyuk-bokkeum-hooni-kim
77,Thai Muslim–Style Grilled Chicken,thai-muslim-style-grilled-chicken
78,Fresh Fruit Tart With Almond Press-In Crust,fresh-fruit-berry-tart-with-almond-press-in-crust
79,Coconut Rice,coconut-rice-leela-punyaratabandhu
80,Peach and Sesame Crumble,peach-and-sesame-crumble
81,Pear and Hazelnut Frangipane Tart,pear-and-hazelnut-frangipane-tart-105747
82,Melted Broccoli Pasta With Capers and Anchovies,melted-broccoli-pasta-sheela-prakash
83,Dashi,my-korea-dashi-hooni-kim
84,Ginger and Tamarind Refresher,ginger-and-tamarind-refresher-nik-sharma
85,Sumac and Saffron Refresher,sumac-and-saffron-refresher-nik-sharma
86,Peanut Butter Brookies,peanut-butter-brookies-edd-kimber
87,"Tacos de Gobernador (Shrimp, Poblano, and Cheese Tacos)",tacos-de-gobernador-shrimp-poblano-and-cheese
88,Kimchi Toast,kimchi-toast
89,Buttered Tomatoes with Ginger,buttered-tomatoes-with-ginger
90,Burst Cherry Tomato Pasta,burst-cherry-tomato-pasta
91,Salted PB&J; Ice Cream Pie,salted-peanut-butter-jelly-pbj-ice-cream-pie
92,Farmers Market Farro Bowls,farmers-market-farro-bowls-with-tofu
93,Fancy and Beautiful Tomato Salad,fancy-and-beautiful-tomato-salad
94,Chicken Thighs With Tomatoes and Feta,chicken-thighs-with-tomatoes-and-feta
95,Corn and Chickpea Bowls With Miso Tahini,corn-and-chickpea-bowls-with-miso-tahini
96,Stone Fruit Custard Tart,stone-fruit-custard-tart
97,Plátanos Horneados con Crema y Queso (Baked Banana With Crema and Cheese),platanos-horneados-con-crema-y-queso-baked-banana
98,Tamale Pie with Fresh Tomato and Corn,tamale-pie-with-fresh-tomato-and-corn
99,Charred-Peach Panzanella With Pickled Pepper Vinaigrette,charred-peach-panzanella-pickled-pepper-vinaigrette
100,Stuffed Eggplants and Zucchini in a Rich Tomato Sauce (Baatingan w Kusaa Bil Banadoura),stuffed-eggplants-and-zucchini-tomato-sauce-falastin
101,"Chicken Meatballs With Molokhieh, Garlic, and Cilantro",chicken-meatballs-with-molokhieh-falastin
102,Instant Pot Bisibelabath,bisibelabath-hot-lentil-rice
103,Tahini-Walnut Magic Shell,tahini-walnut-magic-shell-tara-obrady
104,Django Reinhardt,django-reinhardt-dry-vermouth-cocktail-kat-odell
105,Rosé All Day,rose-all-day-cocktail-day-drinking-kat-odell
106,Lentil Burgers,lentil-veggie-burgers
107,Nurse,nurse-aperitif-cocktail-vermouth-jim-meehan
108,Salad Ramen,salad-ramen
109,Miso-Glazed Salmon With Sushi Rice,miso-glazed-salmon-with-sushi-rice
110,Grilled Carrots With Avocado and Mint,grilled-carrots-with-avocado-and-mint
111,Double Ripple Ice Cream Cake,double-ripple-ice-cream-cake
112,Tiger Fruit Salad,tiger-fruit-salad
113,Grilled Pork Shoulder With Butter Vinegar Sauce,grilled-pork-shoulder-with-butter-vinegar-sauce
114,No-Churn Almond and Raspberry Swirl Ice Cream,no-churn-almond-and-raspberry-swirl-ice-cream
115,No-Churn Fresh Mint and Chocolate Ice Cream,fresh-mint-and-chocolate-ice-cream
116,Bibingkang Cassava (Cassava Cake),cassava-cake-bibingkang-cassava
117,Peach Cobbler,peach-cobbler-hot-water
118,Pajeon (파 전 / Scallion Pancakes),scallion-pancakes-pajeon
119,Pajeon Sauce,pajeon-sauce
120,Shaak-no Sambharo (Quick Pickled Vegetables),shaak-no-sambharo-quick-pickled-vegetables
121,Gol-Keri (Quick Mango Achaar),gol-keri-quick-mango-achaar
122,Tortillas de Harina (Flour Tortillas),tortillas-de-harina-flour-tortillas
123,Grilling Cheese With Sweet Peppers and Black Lentils,grilling-cheese-with-sweet-peppers-and-black-lentils-recipe
124,Grilled Flatfish With Pistachio-Herb Sauce,grilled-flatfish-with-brads-spoon-sauce
125,Grilled Mushroom  Antipasto Salad,grilled-mushroom-antipasto-salad
126,Brad’s Spoon Sauce,brads-spoon-sauce
127,No-Churn Labneh and Lime Ice Cream With Granola,labneh-and-lime-ice-cream-with-granola
128,Grilled Eggplant With Garlicky Tahini-Yogurt Sauce,grilled-eggplant-with-garlicky-tahini-yogurt-sauce
129,Grilled Potatoes With Red Miso Butter,grilled-potatoes-with-red-miso-butter
130,Cooler-Steamed Corn,grilled-cooler-steamed-corn
131,Honey-Glazed Pepper Chicken,honey-glazed-pepper-chicken
132,Pork Shoulder Steaks With Horseradish-Mustard Sauce,pork-shoulder-steaks-with-horseradish-mustard-sauce
133,Speedy Summer Gazpacho,speedy-summer-gazpacho
134,Black-Eyed Pea Burgers With Creamy Barbecue Sauce and Chowchow,black-eyed-pea-burgers-with-creamy-barbecue-sauce-and-chowchow
135,Chowchow,chowchow
136,Creole Caesar Salad With Corn Bread Croutons,creole-caesar-salad-with-corn-bread-croutons
137,Jerk Potato Salad,jerk-potato-salad
138,Grilled Peach Toast With Pimiento Cheese,grilled-peach-toast-with-pimiento-cheese
139,Homestyle Dosas with Tomato Chutney,homestyle-dosas-with-tomato-chutney
140,Shimbra Wat (Chickpeas With Spicy Flaxseed Paste),shimbra-wat-chickpeas-with-spicy-flaxseed-paste
141,Infinity Pool,infinity-pool-mezcal-mlynarczyk
142,Division Bell,division-bell-phil-ward-mezcal-emma-janzen
143,Mezcal Mule,mezcal-mule-emma-janzen
144,Electron,electron-carrot-mezcal-cocktail-momose-janzen
145,Killer Bee,killer-bee-mezcal-cocktail-nopalito
146,La Pina,la-pina-cocktail-mezcal-pineapple
147,Arinato,arinato-cocktail-ivy-mix
148,Ti' Punch,ti-punch-rhum-agricole-shannon-mustipher
149,Royal Dock Cooler,royal-dock-cooler-rum-punch
150,Jungle Bird,jungle-bird-cocktail-rum-amaro
151,Savory Gruyère Bread With Ham,savory-gruyere-bread-with-ham-melissa-clark
152,Grilled Cauliflower Wedges With Herb Tarator,grilled-cauliflower-wedges-with-herb-tarator
153,Open-Face Mushroom Sandwiches With Pecorino Salsa Verde,open-face-mushroom-sandwiches-pecorino-salsa-verde
154,Hickory-Smoked Baby Back Ribs,hickory-smoked-baby-back-ribs-rob-rainford
155,Grilled Watermelon Salad With Lime Mango Dressing and Cornbread Croutons,grilled-watermelon-salad-with-lime-mango-dressing-and-cornbread-croutons
156,Fried Plantain Chips With Lime Sour Cream and Mango Hot Sauce,fried-plantain-chips-with-lime-sour-cream-and-mango-hot-sauce
157,Mississippi Corn Pudding,mississippi-corn-pudding
158,Black-Eyed Pea Salad With Hot Sauce Vinaigrette,black-eyed-pea-salad-with-hot-sauce-vinaigrette
159,"Caribbean Smothered Chicken With Coconut, Lime, and Chiles",caribbean-smothered-chicken-with-coconut-lime-and-chiles
160,Watermelon Salad With Radishes and Mint,watermelon-salad-with-radishes-and-mint
161,Classic BBQ Baked Beans,classic-bbq-baked-beans
162,Icebox Lemon Pie With Meringue,icebox-lemon-pie-with-meringue
163,Frogmore Stew,frogmore-stew
164,Very Red Velvet Cake With Cream Cheese Icing and Pecans,very-red-velvet-cake-with-cream-cheese-icing-and-pecans
165,Strawberry Balsamic Shortcakes,strawberry-balsamic-shortcakes-with-olive-oil-buttermilk-biscuits
166,Dad's Peach Cobbler,dads-peach-cobbler-lazarus-lynch
167,Strawberry Coconut Cake,strawberry-coconut-cake
168,Sorrel (Hibiscus) Tea,jubilee-sorrel-hibiscus-tea
169,Tea Cakes,tea-cakes
170,Strawberry-Rhubarb Crisp,strawberry-rhubarb-crisp-back-in-the-day
171,Pulled Pork Sandwiches,pulled-pork-sandwiches-big-hurt-bbq
172,New Age Church Punch,new-age-church-punch-up-south-cookbook
173,Fried Green Tomatoes,fried-green-tomatoes-up-south-cookbook
174,White Russian,white-russian-simonson-3-ingredient-cocktails
175,Roasted Strawberry Layer Cake,roasted-strawberry-layer-cake-new-way-to-cake
176,Jerk Baby Back Ribs With Pineapple Salsa,jerk-baby-back-ribs-brown-sugar-kitchen
177,Habanero BBQ Shrimp,habanero-bbq-shrimp-son-of-a-southern-chef
178,Cornbread Muffins With Whipped Sweet Corn,cornbread-muffins-with-whipped-sweet-corn
179,Apple and Kohlrabi Coleslaw,apple-and-kohlrabi-coleslaw-vegetable-kingdom
180,Lemony Glazed Yogurt Doughnuts,lemony-glazed-yogurt-doughnuts
181,Trail Mix Cookies,trail-mix-cookies
182,Ranch Fun Dip,ranch-fun-dip-with-crudites
183,Whole Wheat–Oat Waffles,whole-wheat-oat-waffles
184,Salted Pistachio Crumbles With Berries and Ice Cream,salted-pistachio-crumbles-with-berries-and-ice-cream-sundae
185,Grilled Pork Shoulder Steaks With Herb Salad,grilled-pork-shoulder-steaks-with-herb-salad
186,Crispy Turmeric-and-Pepper-Spiced Chicken Wings,crispy-turmeric-and-pepper-baked-chicken-wings
187,Flatbread With Avocado and Scallion Salsa,flatbread-with-avocado-and-scallion-salsa
188,Charred Peppers With Lemon Ricotta and Cucumbers,charred-peppers-with-lemon-ricotta-and-cucumbers
189,Radishes With Crème Fraîche and Furikake,radishes-with-creme-fraiche-and-furikake
190,Summer Tomato and Ricotta Tart With Oat Pastry,summer-tomato-and-ricotta-tart-with-oat-pastry
191,Fruit Galette,fruit-galette
192,Savory Zucchini Beer Bread,savory-zucchini-beer-bread
193,Khara Huggi or Pongal,khara-huggi-or-pongal-chitra-agrawal-vibrant-india
194,Jalapeño Pepper Jelly,jalapeno-pepper-jelly-bryant-terry
195,Win Son Bakery's Red Date Cake,win-son-bakerys-red-date-cake-jujubes
196,Kong Jaban (Korean Sweet Black Beans),korean-stewed-sweet-black-beans-kong-jaban
197,Agua de Limón con Chía (Limeade With Chia Seeds),agua-de-limon-con-chia-limeade-with-chia-seeds
198,Lágrimas de la Virgen (Beet Cooler With Fruits),lagrimas-de-la-virgen-beet-cooler-fany-gerson
199,"Guava, Grapefruit, and Rosemary Agua Fresca (Agua fresca de guayaba, toronja y romero)",guava-grapefruit-and-rosemary-agua-fresca
200,Aguas Frescas (Mexican Fruit Coolers),aguas-frescas-general-formula
201,Grilled Pizza,grilled-pizza-best-dough-toppings-grilling
202,Rosemary Agrodolce,rosemary-agrodolce-for-pizza
203,Spring Chicken Dinner Salad,spring-chicken-dinner-salad
204,Pork and Asparagus Stir-Fry,pork-and-asparagus-stir-fry
205,Ramen Noodles With Spring Onions and Garlic Crisp,ramen-noodles-with-spring-onions-and-garlic-crisp
206,Shrimp Ramp-y,shrimp-ramp-y
207,Green-Garlic-Rubbed Buttery Roast Chicken,green-garlic-rubbed-buttery-roast-chicken
208,Scallion Pancakes With Chili-Ginger Dipping Sauce,scallion-pancakes-with-chili-ginger-dipping-sauce
209,Camouflage Chocolate Fudge Brownies,camouflage-chocolate-fudge-brownies
210,Sour Cream and Onion Biscuits,sour-cream-and-onion-biscuits
211,Salty Buckwheat Chocolate Chunk Cookies,salty-buckwheat-chocolate-chunk-cookies
212,Hanky Panky Cocktail,hanky-panky-gin-cocktail
213,Avocado and Lemon Water (Agua de Aguacate y Limón Amarillo),avocado-and-lemon-water-olvera
214,Cinnamon-Date Sticky Buns,cinnamon-date-sticky-buns
215,Grilled Coconut Shrimp With Shishito Peppers,grilled-coconut-shrimp-shishito-peppers
216,"Mochi Cake, Any Way You Want It",mochi-cake-any-way-you-want-it
217,Triple-Threat Onion Galette,triple-threat-onion-galette
218,Shockingly Easy No-Knead Focaccia,shockingly-easy-no-knead-focaccia
219,Tahini Billionaire Bars,tahini-billionaire-bars
220,Frozen Gin and Tonic,frozen-gin-and-tonic-brooks-reitz
221,Red Hook Criterium,red-hook-criterium-amaro-cocktail
222,Coconut Shrimp Tacos With Mango Salsa and Avocado Cilantro Sauce,coconut-shrimp-tacos-with-mango-salsa-and-avocado-cilantro-sauce
223,Chicken Zucchini Burgers,chicken-zucchini-burgers
224,Chipotle Chicken and Cauliflower Tacos,chipotle-chicken-and-cauliflower-tacos
225,Instant Pot Ginger-Lime Baby Back Ribs,instant-pot-ginger-lime-baby-back-ribs
226,Cashew Horchata (Horchata de Nuez de la India),cashew-horchata-olvera
227,Orange Chocolate Loaf Cake From Florida,orange-chocolate-loaf-cake-from-florida
228,Whipped Cream Cake,whipped-cream-cake-rose-levy-beranbaum
229,Broccoli and Spam Stir-Fry,broccoli-and-spam-stir-fry
230,Cosmonaut,cosmonaut-cocktail-petraske-simonson
231,Creamy Ginger Dressing,creamy-ginger-dressing-bryant-terry
232,Syrniki (Сырники / Farmer’s Cheese Pancakes),farmers-cheese-pancakes-syrniki
233,Charred Leeks With Honey and Vinegar,charred-leeks-with-honey-and-vinegar
234,Cardamom-Pistachio Carrot Cake,cardamom-pistachio-carrot-cake
235,Cacao Water (Agua de Cacao),cacao-water-agua-de-cacao
236,Rosita,rosita-tequiila-campari-cocktail-jim-meehan
237,Say Anything,say-anything-cocktail-ivy-mix
238,Tropic Like It's Hot,tropic-like-its-hot-tequila-pineapple-cocktail
239,Sourdough Crepes,sourdough-crepes
240,Enjoying a Margarita in Venezia,margarita-in-venezia-tequila-aperol-cocktail-beautiful-booze
241,Cucumber Cilantro Margarita,cucumber-cilantro-margarita-trejos-tacos
242,Retox Cocktail,retox-tequila-cocktail-sother-teague
243,Hawaij,hawaij
244,Tie-Dye Butter Cookies,tie-dye-butter-cookies
245,Ancho Mole Cookies,ancho-mole-cookies
246,Mashed Plantains With Fried Eggs (Mangú de Plátanos),mashed-plantains-with-fried-eggs-mangu-de-platanos
247,Golden Noodles With Chicken,golden-noodles-with-chicken
248,Butter Pecan Skillet Cookies,butter-pecan-skillet-cookies
249,Spring Green Bowls,spring-green-bowls
250,Sausage and Ricotta Baked Cannelloni,sausage-and-ricotta-baked-cannelloni
251,Okra Fries,okra-fries
252,Sweet Pickle Potato Salad,sweet-pickle-potato-salad
253,Cheesy Chicken Melt With All of the Onions Relish,cheesy-chicken-melt-onion-relish-tyler-kord
254,Chicken Spiedies (Marinated Chicken on a Bun),chicken-spiedies-marinated-chicken-bun-dynamite-chicken
255,Seed and Nut Bread,seed-and-nut-bread
256,Pasta With Broccoli and Lemon Cashew-Cream Sauce,pasta-with-broccoli-and-lemon-cashew-cream-sauce
257,Coconut-Lime Energy Bites,coconut-lime-energy-bites
258,Satay Lettuce Wraps,satay-lettuce-wraps
259,Sweet Potato and Pecan Waffles,sweet-potato-and-pecan-waffles
260,Instant Pot Lemon Chicken With Garlic and Olives,instant-pot-lemon-chicken-with-olives-melissa-clark
261,Instant Pot Lemon Vanilla Rice Pudding With Whipped Cream,instant-pot-lemon-vanilla-rice-pudding-melissa-clark
262,"Instant Pot Middle Eastern Lentils With Rice, Leeks, and Spinach",lentils-with-rice-spinach-mujadra-melissa-clark
263,Beans and Greens Polenta Bake,beans-and-greens-polenta-bake
264,Pantry Dinner Salad With Polenta Croutons,pantry-dinner-salad-with-polenta-croutons
265,Big-Batch Parmesan Polenta,big-batch-parmesan-polenta
266,Backyard Citrus Upside-Down Cake,backyard-citrus-upside-down-cake-dappled
267,Sourdough Biscuits,sourdough-biscuits
268,"Carrot Ribbon Salad With Ginger, Parsley, and Dates",carrot-ribbon-salad-with-ginger-parsley-and-dates
269,"Sumac, Spelt, and Apple Cake",sumac-spelt-and-apple-cake-new-way-to-cake-benjamina-ebuehi
270,Strawberry Honey Balsamic With Black Pepper Ice Cream,strawberry-honey-balsamic-with-black-pepper-ice-cream-salt-straw
271,Togarashi Cheesecake With Sorghum,togarashi-cheesecake-with-sorghum-edward-lee
272,Spicy Tomato–Tuna Noodle Skillet Casserole With Aioli,spicy-tomato-tuna-noodle-skillet-casserole-with-aioli
273,Braised Celery With Lentils and Garlic,braised-celery-with-lentils-and-garlic
274,Lentil Bolognese,lentil-bolognese
275,Big-Batch Marinated Lentils,big-batch-marinated-lentils
276,Sourdough Key Lime Ricotta Cookies,sourdough-key-lime-ricotta-cookies-artisan-sourdough-made-simple
277,Cinnamon Sugar Sourdough Waffles,cinnamon-sugar-sourdough-waffles-artisan-sourdough-made-simple
278,Blueberry Lemon Corn Muffins,blueberry-lemon-corn-muffins-15255
279,French Canadian,french-canadian-cocktail-cognac-pantry
280,Spanish Penny,spanish-penny-pantry-cocktail
281,Spicy Baked Pasta With Cheddar and Broccoli Rabe,spicy-baked-pasta-with-cheddar-and-broccoli-rabe
282,Crunchy Pickle Salad,crunchy-pickle-salad
283,Beet Tostadas With Fried Eggs,beet-tostadas-with-fried-eggs
284,Salsa de Árbol,salsa-de-arbol
285,Grains in Herby Buttermilk,grains-in-herby-buttermilk
286,"Pasta With Brown Butter, Whole Lemon, and Parmesan",pasta-with-brown-butter-whole-lemon-and-parmesan
287,One-Pot Gingery Chicken and Rice With Peanut Sauce,one-pot-gingery-chicken-and-rice-with-peanut-sauce
288,Squash au Vin,squash-au-vin
289,Lentil Kielbassoulet,lentil-kielbassoulet
290,Wood Ear and Cilantro Salad,wood-ear-and-cilantro-salad
291,Pickle Potato Salad,pickle-potato-salad
292,Tangy Vinegar Chicken With Barberries and Orange,tangy-vinegar-chicken-with-barberries-and-orange
293,Swirl Spice Cake,swirl-spice-cake
294,Scallop Rice Bowls With Crunchy Spice Oil,scallop-rice-bowls-with-crunchy-spice-oil
295,Coconut Cod Chowder With Seasoned Oyster Crackers,coconut-cod-chowder-with-seasoned-oyster-crackers
296,Clams Arrabbiata,clams-arrabbiata
297,Tamarind-Glazed Black Bass With Coconut-Herb Salad,tamarind-glazed-black-bass-with-coconut-herb-salad
298,Pork Volcánes al Pastor,pork-volcanes-al-pastor
299,Goat Birria Tacos With Cucumber Pico de Gallo,goat-birria-tacos-with-cucumber-pico-de-gallo
300,Stuffed Cabbage With Lemony Rice and Sumac,stuffed-cabbage-with-lemony-rice-and-sumac
301,Pickle Brine Spice Rub,pickle-brine-spice-rub
302,Crunchy Spice Oil,crunchy-spice-oil
303,Savory-to-Sweet Coffee Spice Mix,savory-to-sweet-coffee-spice-mix
304,Chicken Stock on the Grill,chicken-stock-on-the-grill
305,Thyme Out,thyme-out-vodka-lemonade-cocktail
306,Fragrant Mixed Herb and Flatbread Salad (Domaaj),persian-fragrant-mixed-herb-and-flatbread-salad-domaaj
307,Torshi Tareh (Persian Sour Herb Stew With Marbled Eggs),torshi-tareh-persian-sour-herb-stew-with-marbled-eggs
308,Efo Riro With Kale and Whitefish,efo-riro-with-kale-and-whitefish
309,Cabbage Potato Pie,cabbage-potato-pie
310,Yogurt and Persian Shallot Dip (Mast-o Musir),yogurt-and-persian-shallot-dip-mast-o-musir
311,Persian Rice With Fava Beans and Dill (Baqala Polow),persian-rice-with-fava-beans-and-dill-baqala-polow
312,Chile and Ginger–Fried Tofu Salad With Kale,chile-and-ginger-fried-tofu-salad-with-kale-melissa-clark-dinner
313,Spicy Sweet-and-Sour Salmon With Dates (Qaliyeh-e Khorma),spicy-sweet-and-sour-salmon-with-dates-qaliyeh-e-khorma
314,Kateh (Persian Stove-Top Rice),kateh-persian-stove-top-rice
315,Pistachio and Pomegranate Meatballs (Kufteh-Ye Pesteh-o Anar),pistachio-and-pomegranate-meatballs-kufteh-ye-pesteh-o-anar
316,Sumac Baked Fish With Saffron Quinoa,sumac-baked-fish-with-saffron-quinoa
317,Persian Celery Stew With Mushrooms (Khoresh-e Karafs),persian-celery-stew-with-mushrooms-khoresh-e-karafs
318,Jerk Tofu Wrapped in Collard Leaves,jerk-tofu-wrapped-in-collard-leaves-bryant-terry-vegetable-kingdom
319,Cassoulet Toast,cassoulet-toast
320,All-The-Seeds Hamantaschen,all-the-seeds-hamantaschen
321,Greek Turkey Burgers,greek-turkey-burgers
322,Crispy Tofu Balls,crispy-tofu-balls
323,Black Apple Old-Fashioned,black-apple-old-fashioned-teague-jagermeister
324,Oat Milk,homemade-oat-milk
325,Amazuzuke (Quick Vinegar Pickles),amazuzuke-quick-vinegar-pickles-sonoko-sakai
326,Chicken-Lentil Soup With Jammy Onions,chicken-lentil-soup-with-jammy-onions
327,Green Curry Vinegar Chicken,green-curry-vinegar-chicken
328,Ginger-Scallion Meatballs With Green Curry Sauce,ginger-scallion-meatballs-with-green-curry-sauce
329,Chocolate-Almond Fridge Fudge,chocolate-almond-fridge-fudge
330,Ultimate Green Curry (Gaeng Khiaw Wan Gai),thai-green-curry-chicken-gaeng-khiaw-wan-gai
331,Risotto With Mushrooms and Thyme,risotto-with-mushrooms-and-thyme
332,Thai Green Curry Paste,thai-green-curry-paste
333,"Breakfast Sandwich on an English Muffin With Charred Red Onions, Herbs, and Cheddar",breakfast-egg-sandwich-on-english-muffin-charred-red-onions-herbs-and-cheddar
334,Cauliflower Bolognese,cauliflower-bolognese-pasta
335,Chickpea and Chorizo Tostadas,chickpea-and-chorizo-tostadas
336,Crispy Tofu With Maple-Soy Glaze,crispy-tofu-with-maple-soy-glaze
337,Big Flavor Broccoli,big-flavor-broccoli
338,Pork Marbella,pork-marbella
339,Chicken and Rice Meatballs With Hummus,chicken-and-rice-meatballs-with-hummus
340,Power Butter,power-butter
341,Bright and Spicy Shrimp Noodle Salad,bright-and-spicy-shrimp-noodle-salad
342,Steamed Kabocha With Ginger-Soy Dressing,steamed-kabocha-squash-with-ginger-soy-dressing
343,Turmeric Salmon With Coconut Crisp,turmeric-salmon-with-coconut-crisp
344,Za’atar Fish and Chips,zaatar-fish-and-chips
345,Warm Winter Vegetable Salad With Halloumi,warm-winter-vegetable-salad-with-halloumi
346,Kale Pesto With Whole Wheat Pasta,kale-pesto-with-whole-wheat-pasta
347,Lentil-Smothered Greens on Fried Bread,lentil-smothered-greens-on-fried-bread
348,Rosemary Mojito,rosemary-mojito-winter-drinks
349,Double Chocolate Rye Cookies,double-chocolate-rye-cookies
350,That'll Take the Edge Off,thatll-take-the-edge-off-sazerac-cocktail-riff
351,Aviation,aviation-cocktail-gin-violette
352,Bittersweet Symphony (Gin and Aperol Cocktail),bittersweet-symphony-gin-aperol-cocktail
353,Sforzando (Whiskey and Mezcal Cocktail),sforzando-whiskey-and-mezcal-cocktail
354,Little Italy,little-italy-cocktail-manhattan-riff
355,Oaxaca Old Fashioned,oaxaca-old-fashioned-tequila-cocktail
356,Manhattan,manhattan-238166
357,Rose Cocoa,rose-cocoa
358,East India Negroni,east-india-negroni-rum-campari-cocktail
359,Bitter French,bitter-french-cocktail-champagne-campari-gin
360,Negroni,negroni-351597
361,Roasted Oysters With Warm Butter Mignonette,oven-roasted-oysters-with-butter-mignonette
362,Steamed Winter Veggie Bowls,steamed-winter-veggie-bowls
363,Chicken Peppersoup,nigerian-chicken-peppersoup
364,"Shaved Mushroom, Celery, and Sesame Salad",shaved-mushroom-celery-and-sesame-salad
365,Tartiflette,tartiflette-potato-cheese-gratin
366,Broiled Goat Cheese Toasts With Marinated Greens,broiled-goat-cheese-toasts-with-marinated-greens
367,Silken Tofu With Soy-Sauced Tomatoes,silken-tofu-with-soy-sauced-tomatoes
368,Market Suya (Nigerian Skewers),market-suya-nigerian-skewers
369,Egusi Stew,nigerian-egusi-stew-with-goat
370,Casino Cocktail,casino-cocktail-gin-drink
371,Chinese Broccoli With Soy Paste,chinese-broccoli-with-soy-paste
372,Alfajores With Coconut Dulce de Leche,alfajores-cookies-with-coconut-dulce-de-leche
373,Spinach and Egg Dumplings,spinach-and-egg-dumplings-dumpling-galaxy-recipe
374,Soy-Braised Chicken Wings,soy-braised-chicken-wings
375,Scallion-Oil Noodles,scallion-oil-noodles
376,Crispy Taiwanese Pork Cutlets,crispy-taiwanese-pork-cutlets
377,Turf Mix,turf-mix
378,Lamb and Green Squash Dumplings,crispy-lamb-and-zucchini-dumplings-dumpling-galaxy
379,Boiled or Panfried Dumpling Dough,boiled-or-panfried-dumpling-dough-helen-you-dumpling-galaxy-wrappers
380,Parson’s Negroni Slushy,frozen-negroni-slushy-cocktail-parsons
381,Mala Fried Peanuts,mala-fried-peanuts
382,Five-Spice Powder,five-spice-powder
383,Pork Wontons With Sesame Sauce,pork-wontons-with-sesame-sauce
384,Kiribath (Coconut Milk Rice),kiribath-coconut-milk-rice-sri-lanka-the-cookbook
385,Pol Sambol (Coconut Relish),pol-sambol-coconut-relish-sri-lanka-the-cookbook
386,Steel-Cut Oats with Squash and Tahini,steel-cut-oatmeal-with-squash-tahini-lukas-volger-start-simple-cookbook-breakfast-recipe
387,"Roasted, Mashed Butternut Squash",roasted-mashed-butternut-squash-start-simple-lukas-volger
388,Mussel Minestrone,mussel-minestrone
389,"One-Pot Pie with Callaloo, Plantain, Goat Cheese, and Cornmeal Crust",one-pot-pie-with-callaloo-plantain-goat-cheese-and-cornmeal-crust
390,Chicken and Black Bean Nachos,easy-chicken-and-black-bean-nachos-lucinda-scala-quinn-cookbook-recipe
391,Ackee Tacos with Island Guacamole,ackee-tacos-with-island-guacamole
392,"Watermelon, Lime, and White Pepper Yogurt Drink",watermelon-lime-and-white-pepper-yogurt-drink-baco-los-angeles-recipe
393,Watermelon Chia Smoothie,watermelon-chia-smoothie-strawberries-cauliflower-quick-breakfast-catherine-mccord
394,Secret Mango Creamsicle Smoothie,mango-persimmon-creamsicle-smoothie-catherine-mccord-recipe
395,Blueberry Muffin Smoothie,blueberry-muffin-smoothie-catherine-mccord-banana-yogurt-oats-breakfast
396,Apple Pie Smoothie,apple-pie-smoothie-smoothie-project-catherine-mccord
397,Bean Lavash Triangles,bean-lavash-triangles
398,"Pineapple, Blackberry, and Basil Smoothie",pineapple-blackberry-and-basil-smoothie-nonalcoholic-drink-michael-symon
399,Morning Sunrise Smoothie,morning-sunrise-smoothie-carrot-ginger-pineapple-michael-symon-recipe
400,Black-and-White-and-Green Cookies,black-and-white-and-green-cookies
401,Chewy Ginger-Rye Cookies,chewy-ginger-rye-cookies
402,Malaysian Chicken Curry with Buttermilk Beer Beignets,malaysian-chicken-curry-with-buttermilk-beer-beignets
403,Tea-Totaler’s Toddy,tea-totalers-toddy
404,Almond Pad Thai With Shiritaki Noodles,almond-pad-thai-with-shiritaki-noodles
405,Spicy Citrus Refresher,spicy-citrus-spritzer-with-orange-and-jalapeno
406,Shirley Tonic,spiced-pomegranate-tonic
407,Pine Nut and White Bean Dip,pine-nut-and-white-bean-dip
408,Lime-Cilantro Chicken and Broccoli,lime-cilantro-chicken-and-broccoli
409,Instant Pot Coconut Green Curry Shrimp,instant-pot-coconut-green-curry-shrimp
410,Better Than Celery Juice,celery-apple-juice-tonic
411,Shredded Daikon Salad,shredded-daikon-salad
412,Okonomiyaki (“As You Like It”) Pancakes With Bonito Flakes,okonomiyaki-as-you-like-it-pancakes-with-bonito-flakes
413,Paneer Butter Masala,paneer-butter-masala
414,Pesto Pasta Frittata,pesto-pasta-frittata
415,"Salmon Confit with Lime, Juniper, and Fennel",salmon-confit-with-lime-juniper-and-fennel
416,Coconut-Braised Chickpeas with Sweet Potatoes and Greens,coconut-braised-chickpeas-with-sweet-potatoes-and-greens
417,Crispy Sheet-Pan Broccoli,crispy-sheet-pan-broccoli
418,Prawn Moilee,prawn-moilee-south-indian-shrimp-curry-with-coconut
419,Spinach and Feta Cooked Like Saag Paneer,saag-feta-spinach-indian-ish-priya-krishna
420,Cardamom-Pistachio Bûche de Noël,cardamom-pistachio-buche-de-noel
421,Tonnato Eggs,tonatto-eggs
422,Chickpea-Mushroom Burgers,chickpea-mushroom-burgers
423,Kimchi Soup With Tofu and Clams,kimchi-soup-with-tofu-and-clams
424,Roasted Cabbage Steaks With Crispy Chickpeas and Herby Croutons,roasted-cabbage-steaks-with-crispy-chickpeas-and-herby-croutons
425,Creamy Squash Risotto With Toasted Pepitas,creamy-squash-risotto-with-toasted-pepitas
426,Winter Salad Hummus Bowls,winter-salad-hummus-bowls
427,Ponche a Crème,ponche-a-crema
428,Seedy Power Sprinkle,seedy-power-sprinkle
429,Salad Pasta,salad-pasta
430,Martini-on-the-Rocks,martini-on-the-rocks-easy-cocktail-retro-gin-vodka
431,Oystertini,oystertini-oyster-martini-cocktail
432,Sakura Martini,sakura-martini-kenta-goto-sake-cocktail
433,Allies Cocktail,allies-cocktail-martini-variation-hugo-ensslin-kummel-gin
434,Puritan Cocktail,puritan-cocktail-martini-variation-chartreuse
435,Tuxedo No. 2,tuxedo-no-2-martini-cocktail-variation-absinthe
436,Obituary Cocktail,obituary-cocktail-martini-riff-drink
437,Classic Dry Martini,classic-dry-martini-237574
438,Chard-Wrapped Fish with Lemon and Olive,chard-wrapped-fish-with-lemon-and-olive
439,"Chilaquiles With Bacon, Eggs, and Cheese",chilaquiles-with-bacon-eggs-and-cheese
440,Instant Pot Tequila Lime Carnitas,instant-pot-tequila-lime-carnitas
441,Instant Pot Chicken Parmesan Meatballs,instant-pot-chicken-parmesan-meatballs
442,Spicy Chickpea Poppers,spicy-chickpea-poppers
443,Pandora’s Box,pandoras-box-shibuya-honey-toast
444,Islay and Olive,islay-and-olive-batched-dirty-martini-cocktail
445,Sneaky Peat,sneaky-peat-cranberry-scotch-big-batch-cocktail
446,The Blaylock,blaylock-nonalcoholic-mocktail-grapefruit-honey-drink
447,Pansit Palabok (Rice Noodles with Shrimp Sauce),pansit-palabok-rice-noodles-with-shrimp-sauce-pancit-filipino-dish
448,Bubble and Squeak With Stilton,bubble-and-squeak-with-stilton
449,Portobello Mushroom Wellington,vegetarian-portobello-mushroom-wellington
450,Spiced Pomegranate and Orange Glazed Ham,spiced-pomegranate-and-orange-glazed-ham
451,Christmas Cake,christmas-fruit-cake
452,Super-Simple Overnight Porridge,overnight-porridge-congee-chao-andrea-nguyen-vietnamese-rice-soup
453,Sourdough Rye Brownies,sourdough-rye-brownies
454,Smoked Trout Croquettes,smoked-trout-croquettes
455,Smoked Salmon Tartare,smoked-salmon-tartare
456,Vanilla Butter Anchovy Toasts,vanilla-butter-anchovy-toasts
457,Lavash,lavash
458,Ragù Bolognese,ragu-bolognese-canal-house-cook-something
459,Oysters with Balsamic,oysters-with-balsamicandnbsp
460,Coconut Cabbage and Tofu With Lemongrass and Ginger,coconut-cabbage-and-tofu-with-lemongrass-and-ginger
461,Pecan-Rye Pumpkin Pie,pecan-rye-pumpkin-pie
462,Lemon Meringue Pie,lemon-meringue-pie
463,Chocolate Pudding Pie,chocolate-pudding-pie
464,Blind-Baked Pie Crust,blind-baked-pie-crust
465,Banana Cream Pie,banana-cream-pie
466,Why-Is-It-So-Good Gravy,why-is-it-so-good-gravy
467,Fancy Cranberry Sauce,fancy-cranberry-sauce
468,Squash and Radicchio Salad With Pecans,squash-and-radicchio-salad-with-pecans
469,Mashed Potatoes With Crispety Cruncheties,mashed-potatoes-with-crispety-cruncheties
470,Glazed Leeks With Pine Nut Salsa Verde,glazed-leeks-with-pine-nut-salsa-verde
471,Cornbread Stuffing With Sausage and Corn Nuts,cornbread-stuffing-with-sausage-and-corn-nuts
472,Coconut Creamed Greens,coconut-creamed-greens
473,Cheesy Cabbage Gratin,cheesy-cabbage-gratin
474,Charred Sweet Potatoes With Hot Honey Butter and Lime,charred-sweet-potatoes-with-hot-honey-butter-and-lime
475,Buttery Bejeweled Rice,buttery-bejeweled-rice
476,Brussels Sprouts With Pistachios and Lime,brussels-sprouts-with-pistachios-and-lime
477,Broccolini With Sesame Sauce and Lemon,broccolini-with-sesame-sauce-and-lemon
478,White Pesto Pasta,white-pesto-pasta
479,Salmon With Citrus-Chile Sauce,salmon-with-citrus-chile-sauce
480,Feel-Better Chicken and Rice Soup,feel-better-chicken-and-rice-soup
481,Applejack Sour,applejack-sour-cocktail
482,Expertly Spiced and Glazed Roast Turkey,expertly-spiced-and-glazed-roast-turkey
483,Spicy Mushroom Larb,spicy-mushroom-larb
484,Salmon Rice Bowls with Coconut-Ginger Broth,salmon-rice-bowls-with-coconut-ginger-broth
485,Goat Butter Shortbread,goat-butter-shortbread
486,Peanut Better Blossoms,peanut-butter-better-blossoms
487,Sumac and Vanilla Shortbread,sumac-and-vanilla-shortbread
488,Pastel Butter Cookies,pastel-butter-cookies
489,Iranian Rice Cookies,iranian-rice-cookies
490,Double-the-Mustard Chicken with Potatoes and Greens,honey-mustard-sheet-pan-chicken-dinner-with-potatoes-and-greens
491,Lebkuchen (German Honey Bars),lebkuchen-german-honey-bars
492,Sweet Potato Bowls With Kale and Chickpeas,sweet-potato-bowls-with-kale-and-chickpeas
493,Italian Fish and Vegetable Stew,italian-fish-and-vegetable-stew
494,Rice Noodles and Tofu in Peanut Sauce,rice-noodles-and-tofu-in-peanut-sauce
495,Scotchy Boulevardiers for a Crowd,scotchy-boulevardiers-for-a-crowd
496,Everything Good Cocktail,everything-good-cocktail
497,"Chestnut, Bacon and Sage Stuffing Rolls",chestnut-bacon-and-sage-stuffing-rolls
498,Pomegranate and Fennel Chicken (Pollastre amb Magrana),pomegranate-and-fennel-chicken-pollastre-amb-magrana
499,Roasted Garlic and Parmesan Baked Halibut,roasted-garlic-and-parmesan-baked-halibut
500,Black-Bottom Hazelnut Pie,black-bottom-hazelnut-pie
501,Roast Walnut and Squash Medley with Persillade,roast-walnut-and-squash-medley-with-persillade
502,Sour Cherry Relish,sour-cherry-relish
503,Comforting Little Casseroles,comforting-little-beef-casseroles-for-one
504,Smoky Dry-Rubbed Pork Steaks,smoky-dry-rubbed-pork-steaks
505,Torn Potatoes of Many Colors With Chile-Lime Butter,torn-potatoes-of-many-colors-with-chile-lime-butter
506,Cheesy Baked Butternut Squash Polenta,cheesy-baked-butternut-squash-polenta
507,Smashed Green Bean Salad With Crispy Shallots,smashed-green-bean-salad-with-crispy-shallots
508,Labne Deviled Eggs with Paprika and Ginger,labne-deviled-eggs-with-paprika-and-ginger
509,Olive Oil Apple Cake with Spiced Sugar,olive-oil-apple-cake-with-spiced-sugar
510,Boiled Peanuts with Chile Salt,boiled-peanuts-with-chile-salt
511,Bourbon Fruit Tea Punch,bourbon-whiskey-fruit-tea-punch
512,Baked Pasta Shells with Sausage and Greens,baked-pasta-shells-with-sausage-and-greens
513,Spiced Roast Pork with Fennel and Apple Salad,spiced-roast-pork-with-fennel-and-apple-salad
514,Red Pesto Rigatoni,red-pesto-rigatoni-pasta
515,Turnips with Spicy Meyer Lemon Dressing,turnips-with-spicy-meyer-lemon-dressing
516,Shishito Pepper–Pistachio Dip,shishito-pepper-pistachio-dip
517,Smoky Carrot Dip,smoky-carrot-dip
518,Apple-Walnut Upside-Down Cake,apple-walnut-upside-down-cake
519,Chocolate-Hazelnut Cookies,chocolate-hazelnut-cookies
520,Rose and Yogurt Panna Cotta,rose-and-yogurt-panna-cotta
521,Pork Katsu Sandwich,pork-katsu-sandwich
522,Apple-Honey-Pecan Muffins,apple-honey-pecan-muffins
523,Lemon-Pistachio Loaf,vegan-lemon-pistachio-loaf
524,Spiced Eggs with Tzatziki,spiced-eggs-with-tzatziki
525,Little Gem Salad with Buttermilk Chaas,little-gem-salad-with-buttermilk-chaas
526,Instant Pot Red Bean and Quinoa Soup with Taco Fixins,instant-pot-red-bean-and-quinoa-soup-with-taco-fixins
527,Sweet-and-Sour Dal Bhat,sweet-and-sour-dal-bhat
528,Nasi Lemak,nasi-lemak
529,Miso Pork Ribs with Chile-Honey Glaze,miso-pork-ribs-with-chile-honey-glaze
530,Brothy Pasta with Chickpeas,brothy-pasta-with-chickpeas
531,Spaghetti al Limone,spaghetti-al-limone
532,Sake-Braised Mustard Greens with Sesame,sake-braised-mustard-greens-with-sesame
533,"Long-Roasted Eggplant with Garlic, Labne, and Tiny Chile Croutons",long-roasted-eggplant-with-garlic-labne-and-tiny-chile-croutons
534,Chicken Confit with Pickled Tomatoes,chicken-confit-with-pickled-tomatoes-tyler-kord-dynamite-chicken
535,"Walla Walla Onion, Pine Mushroom Fonduta",walla-walla-onion-pine-mushroom-fonduta
536,Marrakesh Express,marrakesh-express-mezcal-pomegranate-fall-cocktail
537,Fearless Sous Vide Poached Eggs,fearless-sous-vide-poached-eggs
538,You’re the Best Cold Cut Around,sous-vide-pork-loin-cold-cuts
539,Hearty Sous Vide Rice Bowl for All Hungry People,hearty-sous-vide-rice-bowl-for-all-hungry-people
540,Whole Grain Shortbread with Einkorn and Rye Flour,whole-grain-shortbread-with-einkorn-and-rye-flour
541,Parsnip and Butternut Squash with Flatbreads,parsnip-and-butternut-squash-with-flatbreads
542,Soft Polenta with Mushrooms and Spinach,soft-polenta-with-mushrooms-and-spinach
543,"Baked Sweet Potato with Olives, Feta, and Chile",baked-sweet-potato-with-olives-feta-and-chile
544,Salty-Sweet Fall Cookies,salty-sweet-fall-cookies
545,Caramel Apple Cupcakes,caramel-apple-cupcakes
546,Roasted and Marinated Root Vegetables,roasted-and-marinated-root-vegetables
547,"Roasted and Marinated Beets with Burrata, Charred Kale, and Hazelnut Vinaigrette",roasted-and-marinated-beets-with-burrata-charred-kale-and-hazelnut-vinaigrette
548,A Vegetarian’s Dream Sweet Potato Dinner,sweet-potato-dinner-with-mushrooms-lentils-and-feta-tahini-sauce
549,Sazerac,sazerac-237263
550,Halva 5 Ways,halva-5-ways
551,Speedy Skillet Ravioli Lasagna,speedy-skillet-ravioli-lasagna
552,Grape Cake with Hazelnut Streusel,grape-cake-with-hazelnut-streusel
553,Spicy Carrot-Miso Dressing,spicy-carrot-miso-dressing
554,Golden Citrus Zucchini Dressing,golden-citrus-zucchini-dressing
555,Tangy Beet-Cashew Dressing with Chile,tangy-beet-cashew-dressing-with-chile
556,Sweet-and-Saucy Pork Chops,sweet-and-saucy-pork-chops
557,Sheet-Pan Potato Hash with Fixins,sheet-pan-potato-hash-with-fixins
558,Grilled Bacon BLTs,grilled-bacon-blt-sandwich
559,Roast Fish with Curry Butter,roast-cod-fish-with-curry-butter
560,Beef and Ginger Stir-Fry,beef-and-ginger-stir-fry
561,Chile-Braised Short Ribs,chile-braised-short-ribs
562,Creamy Pasta with Crispy Mushrooms,creamy-pasta-with-crispy-mushrooms
563,Coconut Milk–Braised Chicken,coconut-milk-braised-chicken
564,Big Green Lentil Salad,big-green-lentil-salad
565,Soba Noodles with Crispy Kale,soba-noodles-with-crispy-kale
566,Tofu and Summer Vegetable Curry,tofu-eggplant-zucchini-curry
567,Tomato Fried Rice,tomato-fried-rice
568,Any Berry Galette,any-berry-galette
569,Fall Fruit Galette,fall-fruit-apple-pear-galette
570,Peach-Plum Galette,peach-plum-galette
571,Extra-Flaky Pastry Dough,extra-flaky-pastry-dough
572,Bagels with Japanese-ish Fixings,bagels-with-japanese-ish-fixings
573,Fried Egg Bánh Mì,fried-egg-banh-mi-breakfast-sandwich
574,Killer Chocolate Cake,killer-chocolate-cake-with-buttermilk-and-soy-sauce
575,Korean Egg Bread (Gyeran Bbang),korean-egg-bread-gyeran-bbang
576,Vietnamese Pork Meatball Banh Mi Fried Rice,vietnamese-pork-meatball-banh-mi-fried-rice
577,Crumb-Covered Poached Eggs,crumb-covered-poached-eggs
578,"Green Rice with Tomatoes, Eggs, and Almonds",green-rice-with-tomatoes-eggs-and-almonds
579,Raw Tomato Sauce,raw-tomato-sauce
580,Crispy Pan-Seared Chicken and Zucchini with Olives and Lemon,crispy-pan-seared-chicken-and-zucchini-with-olives-and-lemon
581,Pitaquiles,pitaquiles-pita-in-tomato-sauce
582,Vegetarian Piri Piri Chorizo Bake,vegetarian-piri-piri-chorizo-bake
583,Sweet Potato Breakfast Bowls,sweet-potato-breakfast-bowls
584,Pumpkin Kolokithopita (Greek Phyllo Pastries),pumpkin-kolokithopita-greek-phyllo-pastries
585,Cheddar Potato Soup with Bacon,cheddar-potato-soup-with-bacon-15726
586,Za'atar Spice Blend,zaatar-spice-blend
587,Chipotle-Grilled Pork Shoulder Steaks with Corn Salsa,chipotle-grilled-pork-shoulder-steaks-with-corn-salsa
588,Grilled Beet Salad with Burrata and Cherries,grilled-beet-salad-with-burrata-and-cherries
589,Grilled Whole Eggplant with Harissa Vinaigrette,grilled-whole-eggplant-with-harissa-vinaigrette
590,Grilled Whole Cauliflower with Miso Mayo,grilled-whole-cauliflower-with-miso-mayo
591,Mix-and-Match Fools,mix-and-match-summer-berry-and-cream-fools
592,Frozen Margarita Pie,frozen-margarita-tequila-lime-pie
593,Universal Marinade,universal-marinade
594,The Only Salsa You Need,the-only-salsa-you-need
595,Chile Crisp,chile-crisp
596,All Day Every Day Sauce,all-day-every-day-yogurt-sauce
597,Skillet-Charred Summer Beans with Miso Butter,skillet-charred-summer-beans-with-miso-butter
598,Cheesy Stuffed Tomatoes,cheesy-stuffed-tomatoes
599,Big Beans and Tomato Vinaigrette,big-beans-and-tomato-vinaigrette
600,Tomato Galette,tomato-galette
601,Roasted Red Pepper Frittata,roasted-red-pepper-frittata
602,Tomato and Parmesan Risotto,tomato-and-parmesan-risotto
603,Spaghetti with No-Cook Puttanesca,spaghetti-with-no-cook-puttanesca
604,Perfect Pesto Pasta,perfect-pesto-pasta
605,Smash Burger Alfresco,double-stack-smash-burger-alfresco-with-cheese
606,Hummus with Spiced Summer Squash and Lamb,hummus-bowls-with-spiced-summer-squash-and-ground-lamb
607,Grilled Lamb Chops and Peppers,grilled-lamb-chops-and-peppers
608,Brothy Steamed Clams with Corn,brothy-steamed-clams-with-corn
609,Tomato Salad with Warm Basil Dressing,tomato-salad-with-warm-basil-dressing
610,Steak Salad with Shallot Vinaigrette,steak-salad-with-shallot-vinaigrette
611,Salt-and-Squeeze Slaw,salt-and-squeeze-slaw
612,New-and-Improved Greek Salad,new-and-improved-greek-salad
613,Cucumber and Peach Salad with Herbs,cucumber-and-peach-salad-with-herbs
614,Any Way Niçoise,any-way-nicoise-salad
615,Pan con Tomate,pan-con-tomate
616,Green Goddess Crunch Sandwich,green-goddess-crunch-sandwich
617,Peak-Season Slushies,peak-season-slushies
618,Tomato-and-Cheese Cobbler,tomato-and-cheese-cobbler
619,Tomato and Walnut Pesto,tomato-and-walnut-pesto
620,Sticky Grilled Chicken,sticky-chicken-apricot-glaze
621,"Baked Tomatoes, Peppers, and Goat Cheese with Crisped Toasts",baked-tomatoes-peppers-and-goat-cheese-with-crisped-toasts
622,Grilled Sweet Corn with Basil Butter,grilled-sweet-corn-with-basil-butter
623,Late Summer Tomatoes with Fresh Herbs,late-summer-tomatoes-with-fresh-herbs
624,Pecan Bourbon Baklava,pecan-bourbon-baklava
625,Flat Beans with Mustard Thyme Vinaigrette,flat-beans-with-mustard-thyme-vinaigrette
626,"Massaged Kale with Tomatoes, Creamed Mozzarella, and Wild Rice",massaged-kale-with-tomatoes-creamed-mozzarella-and-wild-rice
627,Green Bean and Tuna Salad with Basil Dressing,green-bean-and-tuna-salad-with-basil-dressing
628,Mais con Yelo,mais-con-yelo
629,Coconut Rice Pudding Pie,rice-pudding-pie
630,Fried Okra,fried-okra
631,Big-Batch Marinated Bell Peppers,big-batch-marinated-bell-peppers
632,"Pasta with Clams, Corn, and Basil Pesto",pasta-with-clams-corn-and-basil-pesto
633,Potato Tahdig,potato-tahdig
634,Crab Salad Tostadas,crab-salad-tostadas
635,Make-Ahead Instant Pot Grilled Ribs,make-ahead-instant-pot-grilled-ribs
636,Halloumi and Sweet Potato Burgers,halloumi-and-sweet-potato-veggie-burgers
637,Mai Tai Rum Babas,mai-tai-rum-babas
638,Korean-Style Grilled Wings with Cucumber-Kimchi Salad,korean-style-grilled-wings-with-cucumber-kimchi-salad
639,White Peach and Bourbon Vanilla Ice-Cream,white-peach-and-bourbon-vanilla-ice-cream
640,Second City Diner Veggie Burger,second-city-diner-mushroom-veggie-burger
641,Pop It Like It's Hot Popcorn,pop-it-like-its-hot-homemade-popcorn
642,Grilled Chicken Caesar Sandwiches,grilled-chicken-caesar-sandwiches
643,Cherry Biscuit Cobbler,cherry-biscuit-cobbler
644,Grilled Summer Squash and Red Onion with Feta,grilled-summer-squash-and-red-onion-with-feta
645,Corn Cacio e Pepe,corn-cacio-e-pepe
646,Spicy Chicken Lettuce Wraps,spicy-chicken-lettuce-wraps
647,Magic Crispy Chicken,magic-oven-fried-crispy-chicken-thighs
648,Grilled Chicken with Lemon and Thyme,grilled-chicken-with-lemon-and-thyme
649,Chicken Under a Brick in a Hurry,chicken-under-a-brick-in-a-hurry
650,Chicken Thighs with Crunchy Summer Veg,chicken-thighs-with-crunchy-summer-vegetable-salad
651,Soy Sauce–Marinated Grilled Flank Steak and Scallions,soy-sauce-marinated-grilled-flank-steak-and-scallions
652,Jalapeño-Marinated Grilled Pork Chops,jalapeno-marinated-grilled-pork-chops
653,Grilled Swordfish with Tomatoes and Oregano,grilled-swordfish-with-tomatoes-and-oregano
654,Grilled Shrimp with Turmeric Mojo Sauce,grilled-shrimp-with-turmeric-mojo-sauce
655,"Grilled Scallops with Nori, Ginger, and Lime",grilled-scallops-with-nori-ginger-and-lime
656,Grilled Salt-and-Pepper Black Bass with Curry Verde,grilled-salt-and-pepper-whole-black-bass-with-curry-verde
657,Garlicky Grilled Squid with Marinated Peppers,garlicky-grilled-squid-with-marinated-peppers
658,Crispy-Skinned Salmon with Whole Lemon–Sesame Sauce,grilled-crispy-skinned-salmon-with-whole-lemon-sesame-sauce
659,Clams with Spicy Tomato Broth and Garlic Mayo,clams-with-spicy-tomato-broth-and-garlic-mayo
660,Tomato-Watermelon Salad with Turmeric Oil,tomato-watermelon-salad-with-turmeric-oil
661,Honeydew Salad with Ginger Dressing and Peanuts,honeydew-salad-with-ginger-dressing-and-peanuts
662,Cantaloupe with Sugar Snap Peas and Ricotta Salata,cantaloupe-with-sugar-snap-peas-and-ricotta-salata
663,Saucy Beans and Artichoke Hearts with Feta,saucy-beans-and-artichoke-hearts-with-feta
664,Stone Fruit Clafoutis,stone-fruit-clafoutis
665,Panchos Argentinos (Argentine-Style Hot Dogs),panchos-argentinos-argentine-style-hot-dogs
666,Skillet Cornbread With Bacon Fat and Brown Sugar,skillet-cornbread-with-bacon-fat-and-brown-sugar
667,Spicy Egg Sandwich with Sausage and Pickled Peppers,spicy-egg-sandwich-with-sausage-and-pickled-peppers
668,"Spaghetti with Tuna, Tomatoes, and Olives",spaghetti-with-tuna-tomatoes-and-olives-56389800
669,Zucchini Noodles with Anchovy Butter,zucchini-noodles-with-anchovy-butter-56389802
670,Cold Soba Noodles with Miso and Smoked Tofu,cold-soba-noodles-with-miso-and-smoked-tofu-56389798
671,Spicy Salmon Teriyaki with Steamed Bok Choy,spicy-salmon-teriyaki-with-steamed-bok-choy
672,Grilled Steak With Peas and Eggplant Over Whipped Ricotta,grilled-steak-with-peas-and-eggplant-over-whipped-ricotta
673,Country-Style Ribs with Quick-Pickled Watermelon,country-style-ribs-with-quick-pickled-watermelon
674,Halloumi Puff Pastry Twists,halloumi-puff-pastry-twists
675,Loaded Halloumi Flatbreads,loaded-halloumi-flatbreads
676,"Beet ""Poke"" Bowl",marinated-beet-poke-rice-bowl
677,Squash Blossom Cheeseadilla,squash-blossom-cheeseadilla
678,Mango Slushie,mango-kombucha-slushie-smoothie
679,Cucumber-Seaweed Salad,cucumber-seaweed-salad
680,Double-Fried Chicken Wings,double-fried-chicken-wings
681,Spiced Lamb Burgers with Spring Slaw,spiced-lamb-burgers-with-asparagus-snap-pea-slaw
682,Spring Greens and Leek Gratin,spring-greens-and-leek-gratin
683,Big-Batch Instant Pot White Beans,big-batch-instant-pot-white-beans
684,Grilled Greens and Cheese on Toast,grilled-greens-and-cheese-on-toast
685,Old-School Tiramisù,old-school-tiramisu
686,Grilled Chicken Skewers With Toum (Shish Taouk),grilled-chicken-skewers-with-toum-shish-taouk
687,Easiest Chicken Adobo,easiest-chicken-adobo
688,Chicken with Lemon and Spicy Spring Onions,chicken-with-lemon-and-spicy-spring-onions
689,Ginger-Grilled Chicken and Radishes with Miso-Scallion Dressing,ginger-grilled-chicken-and-radishes-with-miso-scallion-dressing
690,Chicken Piccata,chicken-piccata
691,Sumac-Rubbed Lamb with Minty Artichokes,sumac-rubbed-roast-leg-of-lamb-with-minty-artichokes
692,Steak and Spring Vegetable Stir-Fry,steak-asparagus-snap-pea-spring-vegetable-stir-fry
693,Crispy-Skin Salmon with Miso-Honey Sauce,crispy-skin-salmon-with-miso-honey-sauce
694,Spicy Pork Bowls with Greens,spicy-pork-bowls-with-greens
695,Butter-Roasted Halibut with Asparagus and Olives,butter-roasted-halibut-with-asparagus-and-olives
696,Shrimp and Basil Stir-Fry,shrimp-and-basil-stir-fry
697,Strawberry-Granola Crisp,strawberry-almond-oat-granola-crisp
698,Muhammara,muhammara
699,Crispy Pita with Chickpeas and Yogurt (Fattet Hummus),crispy-pita-with-chickpeas-and-yogurt-fattet-hummus
700,Cabbage Tabbouleh,cabbage-tabbouleh
701,Tomato Salad with Pine Nuts and Pomegranate Molasses,tomato-salad-with-pine-nuts-and-pomegranate-molasses
702,Smoky Eggplant Dip (Eggplant Moutabal),smoky-eggplant-dip-eggplant-moutabal
703,Seven-Spice Grilled Lamb Chops with Parsley Salad,seven-spice-grilled-lamb-chops-with-parsley-salad
704,One-of-Each Soup,one-of-each-soup-105905
705,Deconstructed Falafel Salad,deconstructed-falafel-salad
706,Strawberry Smoothie,strawberry-smoothie
707,Spiced Quinoa and Chickpea Bites,spiced-quinoa-and-chickpea-bites
708,Chocolatey Chocolate Cake,chocolatey-chocolate-cake
709,East 62nd Street Lemon Cake,east-62nd-street-lemon-cake
710,Buttermilk Waffles,buttermilk-waffles
711,Herb-Infused Lemon-Strawberry Loaf,herb-infused-lemon-strawberry-loaf
712,Pear Pitcher Margaritas with Chile-Lime Rims,pear-pitcher-margarita-tequila-cocktail-with-chile-lime-rims
713,Spiced Lamb Wraps with Ramp Raita,spiced-lamb-wraps-with-ramp-raita
714,Quick Breakfast Quinoa,quick-breakfast-quinoa-bowl
715,Carrot Curry,carrot-curry
716,Crunchy Gluten-Free Chicken Tenders,crunchy-gluten-free-chicken-tenders
717,Crawfish Salad,crawfish-salad
718,Grilled Chicken Skewers,grilled-chicken-skewers-with-pineapple-and-mushrooms
719,Potatoes with Roasted Poblano Chiles and Mexican Sour Cream (Papas con Rajas y Crema Ácida),potatoes-roasted-poblano-chiles-mexican-sour-cream-papas-con-rajas-y-crema-acida
720,Big-Batch Pancake and Waffle Mix,big-batch-pancake-and-waffle-mix
721,Crispy Fried Shallots,crispy-fried-shallots
722,Spinach and Artichoke Melts,spinach-and-artichoke-melts
723,Za’atar Chicken with Garlicky Yogurt,za-atar-chicken-with-garlicky-yogurt
724,Roast Chicken Thighs with Peas and Mint,roast-chicken-thighs-with-peas-and-mint
725,Chile-and-Citrus–Rubbed Chicken with Potatoes,chile-and-citrus-rubbed-chicken-with-potatoes
726,Chicken Saltimbocca with Crunchy Pea Salad,chicken-saltimbocca-with-crunchy-pea-salad
727,Ginger-Scallion Ramen Noodles,ginger-scallion-ramen-noodles
728,Cold Soba Noodles with Jammy Eggs and Peas,cold-soba-noodles-with-jammy-eggs-and-peas
729,Weeknight Steak and Rice Noodle Salad,weeknight-steak-and-rice-noodle-salad
730,Better-Than-Takeout Stir-Fried Udon,better-than-takeout-stir-fried-udon
731,Chicken Brodo with Spring Vegetables and Fried Bread,chicken-brodo-with-spring-vegetables-and-fried-bread
732,Brothy Noodle Bowl with Mushrooms and Chiles,brothy-noodle-bowl-with-mushrooms-and-chiles
733,Scrunched Cabbage Salad with Grapefruit and Chiles,scrunched-cabbage-salad-with-grapefruit-and-chiles
734,Pickled Hot Chiles,pickled-hot-chiles
735,Cashew Chicken,cashew-chicken
736,Little Wedge Salad with Sour Cream Dressing,little-wedge-salad-with-sour-cream-dressing
737,Ice Water Salad,ice-water-shaved-vegetable-salad
738,Everyday Greens Salad,everyday-greens-salad
739,Dinner Salad with Radicchio and Roasted Sweet Potatoes,dinner-salad-with-radicchio-and-roasted-sweet-potatoes
740,Skirt Steak with Spicy Coconut Dressing,skirt-steak-with-spicy-coconut-dressing
741,Caramelized Onion Pasta,caramelized-onion-pasta
742,Sesame Pork Burgers with Sweet and Spicy Slaw,sesame-pork-burgers-with-sweet-and-spicy-slaw
743,Cheesy Loaded Sweet Potatoes,cheesy-loaded-sweet-potatoes
744,Garlicky Panko Toasties,garlicky-panko-toasties
745,Garlic–Brown Butter Croutons,garlic-brown-butter-croutons
746,Sesame Salt,sesame-salt
747,Gina’s Arancini (Italian Rice Balls),arancini-italian-rice-balls-with-prosciutto-parmesan
748,Safoi’s Moroccan Chicken Tagine,safois-moroccan-chicken-tagine
749,Champagne Punch with Brandy and Citrus,champagne-punch-241174
750,"Braised Leeks, Peas, and Lettuce",braised-leeks-peas-and-lettuce
751,Deep Dish Quiche with Garnishes,deep-dish-quiche-with-garnishes
752,Crispy Skin Chicken with Dill and Garlic Sauce,crispy-skin-chicken-with-dill-and-garlic-sauce
753,Liu Shaokun's Spicy Buckwheat Noodles with Chicken,liu-shaokuns-spicy-buckwheat-noodles-with-chicken-107966
754,Foolproof Grilled Chicken,foolproof-grilled-chicken-108166
755,Bacon and Cheddar Toasts,bacon-and-cheddar-toasts-109432
756,Manicotti,manicotti-109442
757,Spring Pea Fish Chowder,spring-pea-fish-chowder
758,Glazed Cinnamon-Cardamom Buns,glazed-cinnamon-cardamom-buns
759,Avocado Peanut Butter Brownies,avocado-peanut-butter-brownies
760,Rigatoni with Meat Sauce,rigatoni-pasta-with-meat-sauce
761,Deconstructed Chicken Caesar Salad,deconstructed-chicken-caesar-salad
762,Sheet-Pan Cuban Rice and Beans,cuban-rice-and-beans
763,Peanut Butter and Jelly Smoothie,peanut-butter-and-jelly-pbj-smoothie
764,Potato Tart with Mustard Greens and Lemon Thyme,potato-tart-with-mustard-greens-and-lemon-thyme
765,Grilled Lamb Chops with Kefir Verde Sauce,grilled-lamb-chops-with-kefir-verde-sauce
766,Babee’s Easter Bread,babees-easter-bread
767,Big-Batch Hard-Boiled Eggs,big-batch-hard-boiled-eggs
768,Saffron Breakfast Kheer,saffron-breakfast-kheer
769,Kimchi and Miso Noodle Soup,kimchi-and-miso-noodle-soup
770,Shawarma-Spiced Tofu Pita Wraps,shawarma-spiced-tofu-pita-wraps
771,"Buddha Bowl with Roasted Sweet Potatoes, Spiced Chickpeas, and Chard",buddha-bowl-with-roasted-sweet-potatoes-spiced-chickpeas-and-chard
772,Tandoori Chicken and Vegetable Sheet-Pan Supper,tandoori-chicken-and-vegetable-sheet-pan-supper
773,Roasted Brussels Sprouts with Warm Honey Glaze,roasted-brussels-sprouts-with-warm-honey-glaze
774,Sheet-Pan Chicken Meatballs and Charred Broccoli,sheet-pan-chicken-meatballs-and-charred-broccoli
775,Rigatoni with Easy Vodka Sauce,rigatoni-with-easy-vodka-sauce
776,Sweet Potato Bowls with Spiced Lamb and Mushrooms,sweet-potato-bowls-with-spiced-lamb-and-mushrooms
777,Date Night Pork Chop,date-night-pork-chop-with-apple-endive-salad
778,Chicken Soup with Caramelized Ginger,chicken-soup-with-caramelized-ginger
779,Coconut Cold Brew Coffee,coconut-cold-brew-coffee
780,Corned Beef with Crispy Roasted Potatoes and Cabbage,corned-beef-with-crispy-roasted-potatoes-and-cabbage
781,Pineapple Shrimp Noodle Bowls,pineapple-shrimp-noodle-bowls
782,Apple and Calvados Tart (Galette de Pommes au Calvados),apple-and-calvados-tart-107610
783,Chickpea Flatbreads with Burst Tomato Sauce,chickpea-flatbreads-with-burst-tomato-sauce
784,Food Processor Butter,food-processor-butter
785,Classic Crème Brûlée,classic-creme-brulee
786,Cook-From-Frozen Steak with Burst Cherry Tomato Sauce,cook-from-frozen-steak-with-burst-cherry-tomato-sauce
787,Black Bottom Brownie Cookies,black-bottom-brownie-cookies
788,Bourbon Sugar and Pretzel Truffles,bourbon-sugar-and-pretzel-truffles
789,"Cavatappi with Broccolini, Brown Butter, and Sage",cavatappi-pasta-with-broccolini-brown-butter-and-sage
790,Crispy Kimchi and Scallion Pancakes,crispy-kimchi-and-scallion-pancakes
791,Coconut Shrimp with Pineapple Herb Dipping Sauce,coconut-shrimp-with-pineapple-herb-dipping-sauce
792,Vegan Matcha Almond Thumbprint Cookies,vegan-matcha-green-tea-almond-thumbprint-cookies
793,Mini Potato Leek Frittata,mini-potato-leek-frittata
794,Coconut Curried Vegetable Stew,coconut-curried-vegetable-stew
795,Chopped BLT Salad,chopped-blt-salad
796,Ginger + Greens Smoothie,ginger-greens-smoothie
797,Spinach + Shiitake Grits Harvest Bowl (with sliced avocado),spinach-shiitake-grits-with-sliced-avocado
798,Cheesy Hand Pies,cheesy-hand-pies
799,Big-Batch Freezer Pork Tenderloin Strips,big-batch-freezer-pork-tenderloin-strips
800,Steak Stroganoff,steak-stroganoff
801,Steak Sandwiches with Fennel Slaw,steak-sandwiches-with-fennel-slaw
802,Pan-Roasted Steak with Crispy Broccoli,pan-roasted-steak-with-crispy-broccoli
803,Lemony Salmon and Spiced Chickpeas,lemony-salmon-and-spiced-chickpeas
804,Sweet Cinnamon Tamal,sweet-cinnamon-tamal
805,Roasted Winter Squash with Kale Pipian,roasted-winter-squash-with-kale-pipian
806,Weeknight Beans on Toast,weeknight-beans-on-toast
807,Sunny Side Burger with Salsa Verde,sunny-side-burger-with-salsa-verde
808,Enchiladas Divorciadas,enchiladas-divorciadas
809,Brussels Sprout Tacos with Spicy Peanut Butter,brussels-sprout-tacos-with-spicy-peanut-butter
810,Arctic Char Tostadas,arctic-char-tostadas
811,Pickled Rice Tabbouleh,pickled-rice-tabbouleh
812,Black Lentil and Harissa-Roasted Veggie Bowl,black-lentil-and-harissa-roasted-veggie-bowl
813,Hazelnut Granola and Chia Pudding Bowls,hazelnut-granola-and-chia-pudding-bowls
814,Parsnip Skordalia,parsnip-skordalia
815,Classic Cheese Ball,classic-cheese-ball
816,Barbecued Pork Fried Rice with Mushrooms and Extra Ginger,barbecued-pork-fried-rice-with-mushrooms-and-extra-ginger
817,Meatball Frittata with Mozzarella and Tomatoes,meatball-frittata-with-mozzarella-and-tomatoes
818,Raw Caramel Peanut Crunch Bars,raw-caramel-peanut-crunch-bars
819,Savory Dutch Baby for Two,savory-dutch-baby-for-two
820,Almond Syrup Cake,almond-syrup-cake
821,Irish Weekend Fry-Up,irish-weekend-fry-up-51145610
822,Earl Grey Doughnuts with Brown Butter Glaze,earl-grey-doughnuts-with-brown-butter-glaze
823,Crispy Scallop Salad,crispy-scallop-salad
824,Mezcal Sour,mezcal-sour
825,Grilled Chicken and Quinoa with Matcha Dressing,grilled-chicken-and-quinoa-with-matcha-dressing
826,Black Seed Bread,black-seed-bread
827,Winter Squash Frittata,winter-squash-frittata
828,Avocado Water,avocado-water
829,CBD Caramel Sauce,cbd-caramel-sauce
830,Soy-Glazed Chicken with Broccoli,soy-glazed-chicken-with-broccoli
831,Maple Meatloaf Muffins,maple-meatloaf-muffins
832,Full Moon Chocolate Zucchini Cake,full-moon-chocolate-zucchini-cake
833,Salted Plum Lychee Panna Cotta,salted-plum-lychee-panna-cotta
834,Moroccan Lamb Stew,moroccan-lamb-stew
835,Big-Batch Rice,big-batch-rice
836,Lentil Soup with Wheat Berries and Kale,lentil-soup-with-wheat-berries-and-kale
837,Creamy One-Pot Pasta with Sausage and Squash,creamy-one-pot-pasta-with-sausage-and-squash
838,Make-Ahead Spanish Frittata,make-ahead-spanish-frittata
839,Instant Pot Braised Lamb with White Beans and Spinach,instant-pot-braised-lamb-with-white-beans-and-spinach
840,Winter Italian Chopped Salad,winter-italian-chopped-salad
841,Almond Butter and Banana Pancakes,almond-butter-and-banana-pancakes
842,Arugula and Persimmon Salad with Pistachio Vinaigrette,arugula-and-persimmon-salad-with-pistachio-vinaigrette
843,Chocolate-Almond Butter Cups,chocolate-almond-butter-cups
844,"Apples, Potatoes, and Bacon",apples-potatoes-and-bacon
845,Pear and Pickled Radish,pear-and-pickled-radish
846,Root Vegetable Hash,root-vegetable-hash
847,Eggplant Parm,gluten-free-eggplant-parmesan
848,Coconut-Fig Energy Balls,coconut-fig-energy-balls
849,"A Salad of Brussels Sprouts, Clementines, and Russet Apple",a-salad-of-brussels-sprouts-clementines-and-russet-apple
850,Beet and Carrot Salad,beet-and-carrot-salad
851,Classic Smashed Cheeseburger,classic-smashed-cheeseburger-51261810
852,Penne alla Vodka,penne-alla-vodka-106042
853,"""Nextover"" Chile-Orange Pork Stir-Fry",nextover-chile-orange-pork-stir-fry
854,Slow-Cooker Chipotle-Orange Pork Tacos,slow-cooker-chipotle-orange-pork-tacos
855,New Year's Eve Meat Pie,new-years-eve-meat-pie
856,Chocolate-Tahini Linzer Cookies,chocolate-tahini-linzer-cookies
857,Slow Roast Beef,slow-roast-beef
858,Grapefruit Bars with Candied Zest,grapefruit-bars-with-candied-zest
859,Raspberry Rugelach,raspberry-rugelach
860,Double Pecan Thumbprints,double-pecan-thumbprints
861,Salted Chocolate Halva,salted-chocolate-halva
862,Pineapple-Glazed Ham,pineapple-glazed-ham
863,Trout Toast with Soft Scrambled Eggs,trout-toast-with-soft-scrambled-eggs
864,Spiced Chickpeas and Greens Frittata,spiced-chickpeas-and-greens-frittata
865,Egg and Merguez Wraps,egg-and-merguez-wraps
866,"Chicory, Bacon, and Poached Egg Salad",chicory-bacon-and-poached-egg-salad
867,Citrus-and-Dill Gravlax,citrus-and-dill-gravlax
868,Steak and Eggs with Saucy Beans,steak-and-eggs-with-saucy-beans
869,Zebra-Striped Shortbread Cookies,zebra-striped-shortbread-cookies
870,Cold Toddy,cold-toddy
871,Spicy Lightly Pickled Cucumbers,spicy-lightly-pickled-cucumbers
872,Pimiento Cheese Crackers,pimiento-cheese-crackers
873,Snickerdoodle Party Cookies,snickerdoodle-party-cookies
874,Onion-Dip Potato Chips,onion-dip-potato-chips
875,Mortadella Moments,mortadella-moments
876,Marinated Manchego,marinated-manchego
877,Lemon-Pepper Salami Bites,lemon-pepper-salami-bites
878,Chicken and Bacon Choucroute with Potato Salad,chicken-and-bacon-choucroute-with-potato-salad
879,Jerk-Spiced Duck,jerk-spiced-duck
880,Sausage and Greens Sheet-Pan Dinner,sausage-and-greens-sheet-pan-dinner
881,Oven Risotto with Crispy Roasted Mushrooms,oven-risotto-with-crispy-roasted-mushrooms
882,Plain Popcorn,plain-popcorn-108511
883,Luscious Hot Chocolate,luscious-hot-chocolate-351089
884,Sheet-Pan Grilled Cheese,sheet-pan-grilled-cheese-56390006
885,Pigs-in-a-Blanket with Sauerkraut and Mustard,pigs-in-a-blanket-with-sauerkraut-and-mustard-51260010
886,Big-Batch Seasoned Ground Beef,big-batch-seasoned-ground-beef
887,Salmon and Bok Choy Green Coconut Curry,salmon-and-bok-choy-green-coconut-curry
888,Porcini Popovers,porcini-popovers
889,Citrusy Haricots Verts,citrusy-haricots-verts
890,Creamy Potato and Leek Gratin,creamy-potato-and-leek-gratin
891,Cranberry-Pistachio Baked Alaska,cranberry-pistachio-baked-alaska
892,Orange-Ginger Pickled Baby Carrots,orange-ginger-pickled-baby-carrots
893,Truffled Bay Scallops with Celery Purée,truffled-bay-scallops-with-celery-puree
894,Pomegranate Prosecco Punch,pomegranate-prosecco-punch
895,Crazy Sesame Breadsticks,crazy-sesame-breadsticks
896,Beef Rib Roast with Garlic and Rosemary,beef-rib-roast-with-garlic-and-rosemary
897,Watercress and Persimmon Salad with Champagne Vinaigrette,watercress-and-persimmon-salad-with-champagne-vinaigrette
898,Candied Kumquats,candied-kumquats
899,Chocolate-Hazelnut Napoleons,chocolate-hazelnut-napoleons
900,Chocolate Shortbread Slice,chocolate-shortbread-slice-bars
901,Raw Peppermint Slice,raw-peppermint-chocolate-coconut-slice-bars
902,Savory Kimchi Oatmeal Bowl,savory-kimchi-oatmeal-bowl
903,Orange and Poppy Seed Stollen,orange-and-poppy-seed-stollen
904,A  Jolly Good Mince Pie,a-jolly-good-mince-pie-nigel-slater
905,Crunchy Chocolate Caramel Layer Cake,crunchy-chocolate-caramel-layer-cake
906,Sweet Potato Toasts with Toppings,sweet-potato-toasts-with-toppings
907,Roasted Ducklings in Orange Sauce,roasted-ducklings-in-orange-sauce
908,Instant Pot Butternut Squash Hash,instant-pot-butternut-squash-hash
909,Pistachio-Rose Shortbread Squares,pistachio-rose-shortbread-squares
910,Molasses Sandwich Cookies with Coffee Cream,molasses-sandwich-cookies-with-coffee-cream
911,White Chocolate Fruitcake Bars,white-chocolate-fruitcake-bars
912,Hanukkah Chicken,hanukkah-chicken
913,Tandoori Chicken Bowls,tandoori-chicken-bowls
914,Cranberry Linzer Tart,cranberry-linzer-tart
915,Parsnip Confit with Pickled Currants,parsnip-confit-with-pickled-currants
916,Cranberry Sauce with Orange and Cinnamon,cranberry-sauce-with-orange-and-cinnamon
917,Cornbread Stuffing with Sausage and Collard Greens,cornbread-stuffing-with-sausage-and-collard-greens
918,Shaved Carrots with Charred Dates,shaved-carrots-with-charred-dates
919,Butternut Squash Tarte Tatin,butternut-squash-tarte-tatin
920,Classic Herb and Fennel Stuffing,classic-herb-and-fennel-stuffing
921,Stir-Fried Brussels Sprouts,stir-fried-brussels-sprouts
922,Spicy Cranberry Sauce,spicy-cranberry-sauce
923,Make-Ahead Mashed Potatoes,make-ahead-mashed-potatoes
924,Shingled Sweet Potatoes with Harissa,shingled-sweet-potatoes-with-harissa
925,Glazed and Flaky Apple Tart,glazed-and-flaky-apple-tart
926,Cheesy Kale and Mushroom Strata,cheesy-kale-and-mushroom-strata
927,Wild Rice Dressing,wild-rice-dressing
928,Cranberry-Fig Sauce,cranberry-fig-sauce
929,Glazed Shallots with Chile and Thyme,glazed-shallots-with-chile-and-thyme
930,Pasta with Sausage and Arugula,pasta-with-sausage-and-arugula
931,Burnished Potato Nuggets,burnished-potato-nuggets
932,Citrus Shrimp Rice Bowls,citrus-shrimp-rice-bowls
933,Chicken Soup with Charred Cabbage,chicken-soup-with-charred-cabbage
934,Dry-Rubbed Roast Turkey,dry-rubbed-roast-turkey
935,Dry-Rubbed Turkey Breast,dry-rubbed-turkey-breast
936,Fall Spritz,fall-spritz
937,Broccoli Caesar,broccoli-caesar-salad
938,Buttermilk Cornbread,buttermilk-cornbread
939,Coconut-Apple-Ginger Dal,coconut-apple-ginger-dal
940,Radicchio Salad with Sour Cream Ranch,radicchio-salad-with-sour-cream-ranch
941,Toasted Pecan Torte with Butterscotch Topping,toasted-pecan-torte-with-butterscotch-topping
942,Shortcut Puff Pastry,shortcut-puff-pastry
943,Sunday Stash Braised Beef,sunday-stash-braised-beef
944,Charred Steak and Broccolini with Cheese Sauce,charred-steak-and-broccolini-with-cheese-sauce
945,Skillet Dressing with Cornbread and Biscuits,skillet-dressing-with-cornbread-and-biscuits
946,Sheet-Pan Cider-Ricotta Pancakes with Pear Compote,sheet-pan-cider-ricotta-pancakes-with-pear-compote
947,Vegetarian Skillet Stuffed Shells,vegetarian-skillet-stuffed-shells
948,Mushroom and Kale Breakfast Skillet,mushroom-and-kale-breakfast-skillet
949,Smoky Beans and Greens on Toast,smoky-beans-and-greens-on-toast
950,Roasted Cauliflower with Sesame,roasted-cauliflower-with-sesame
951,Ricotta Filo Cake,ricotta-filo-phyllo-cheesecake
952,Roast Pumpkin with Dukkha and Pomegranate,roast-pumpkin-with-dukkah-and-pomegranate
953,Big Easy Pumpkin Beignets,big-easy-pumpkin-doughnuts-beignets
954,Dried Fig and Marsala Tart,dried-fig-and-marsala-tart
955,"Clams with Chorizo, Leeks, Tomato, and White Wine",clams-with-chorizo-leeks-tomato-and-white-wine
956,Brodo di Parmigiano (Parmesan Broth),brodo-di-parmigiano-parmesan-broth
957,Russian Deviled Eggs,russian-deviled-eggs-with-salmon-roe-caviar
958,Stars Pappardelle,stars-pappardelle
959,Beet and Fig Salad with Candied Pecans,beet-and-fig-salad-with-candied-pecans
960,Instant Pot Beef and Sweet Potato Chili,instant-pot-beef-and-sweet-potato-chili
961,Cacio e Pepe Pie,cacio-e-pepe-pie
962,Marbled Pumpkin-Maple Cheesecake Bars,marbled-pumpkin-maple-cheesecake-bars
963,Turkey for Twenty,turkey-for-twenty
964,Roasted Cauliflower with Parmesan-Panko Crumble,roasted-cauliflower-with-parmesan-panko-crumble
965,Spicy Cornbread Stuffing with Chorizo and Sweet Potatoes,spicy-cornbread-stuffing-with-chorizo-and-sweet-potatoes
966,Pecan-Cranberry Galette,pecan-cranberry-galette
967,Cheesy Corn Spoon Bread,cheesy-corn-spoon-bread
968,"Roasted Carrot, Brussels Sprout, and Cranberry Salad",roasted-carrot-brussels-sprout-and-cranberry-salad
969,Turkey for Two with Pan-Sauce Gravy,turkey-for-two-with-pan-sauce-gravy
970,Roast Sausage and Fennel with Orange,roast-sausage-and-fennel-with-orange
971,Slow-Cooked Chicken Stew with Kale,slow-cooked-chicken-stew-with-kale
972,Silky Pork and Cumin Stew,silky-pork-and-cumin-stew
973,Slow-Cooked Halibut with Garlic Cream and Fennel,slow-cooked-halibut-with-garlic-cream-and-fennel
974,Butternut Squash and Chorizo Hash,butternut-squash-and-chorizo-hash
975,Raw Butternut Squash Ribbon Salad with Orange and Chile,raw-butternut-squash-ribbon-salad-with-orange-and-chile
976,Curried Chickpea and Lentil Dal,curried-chickpea-and-lentil-dal
977,Warm-Spiced Saucy Lamb Stew,warm-spiced-saucy-lamb-stew
978,Ham Hock and White Bean Stew,ham-hock-and-white-bean-stew
979,Oxtail and Red Wine Stew,oxtail-and-red-wine-stew
980,Roast Fish with Cannellini Beans and Green Olives,roast-fish-with-cannellini-beans-and-green-olives
981,Herby Pasta with Garlic and Green Olives,herby-pasta-with-garlic-and-green-olives
982,Roast Chicken Legs with Lots of Garlic,roast-chicken-legs-with-lots-of-garlic
983,"Butternut Squash, Coconut, and Ginger Muffins",butternut-squash-coconut-and-ginger-muffins
984,Baked Pasta alla Norma,baked-pasta-alla-norma
985,Butternut Squash Steaks with Brown Butter–Sage Sauce,butternut-squash-steaks-with-brown-buttersage-sauce
986,The Garlickiest Fried Rice,the-garlickiest-fried-rice
987,Oven Polenta with Roasted Mushrooms and Thyme,oven-polenta-with-roasted-mushrooms-and-thyme
988,Fermented Garlic Honey,fermented-garlic-honey
989,Garlic-Chile Vinegar,garlic-chile-vinegar
990,Silky Peanut Butter Dressing,silky-peanut-butter-tofu-dressing
991,Herby Garlic Confit,herby-garlic-confit
992,Broccoli and Garlic-Ricotta Toasts with Hot Honey,broccoli-and-garlic-ricotta-toasts-with-hot-honey
993,Cucumbers with Ajo Blanco Sauce,cucumbers-with-ajo-blanco-sauce
994,Kitty Highball,kitty-highball-red-wine-ginger-spritzer-cocktail
995,Winter of Our Content,winter-of-our-content-apple-brandy-sparkling-wine-cocktail
996,Perfect Circle,perfect-circle-champagne-sherry-campari-cocktail
997,All She Wrote,all-she-wrote-punt-e-mes-vermouth-cocktail
998,Mr. Tingles' Punch,mr-tingles-pomegranate-rum-punch
999,Sunday Stash Sweet Potatoes,sunday-stash-sweet-potatoes
